family,setting,cv_deviance,cv_sd,secs
Poisson regression,alpha=1e-06,0.45188977249283724,0.00991951686503157,6.0
Poisson regression,alpha=0.0001,0.4516846597688424,0.00994987582921692,3.8
Poisson regression,alpha=0.001,0.45202472297141233,0.009999886236923404,2.2
gradient boosting,"leaves=8, min_leaf=200",0.4478209790984804,0.009242923632905423,5.8
gradient boosting,"leaves=8, min_leaf=1000",0.44820169087898803,0.008778918569843287,4.6
gradient boosting,"leaves=16, min_leaf=200",0.44747352968083515,0.009163529545581162,5.2
gradient boosting,"leaves=16, min_leaf=1000",0.4479284713652223,0.00943986812130758,5.3
xgboost,"depth=3, min_child_weight=1",0.44741561178104755,0.009101302905290312,7.1
xgboost,"depth=3, min_child_weight=50",0.44744196134389164,0.009332911727852566,6.5
xgboost,"depth=5, min_child_weight=1",0.4471131504546804,0.008963696760450097,6.6
xgboost,"depth=5, min_child_weight=50",0.44713379738309444,0.00929832319265337,6.3
